{
  "accountChoiceAllowList": "",
  "addFollowAction": false,
  "addSearchColumnsFirst": false,
  "alwaysShowNumberOfCharactersLeft": true,
  "avatarsShape": "circle",
  "badgesOnTopOfAvatars": true,
  "biggerEmoji": true,
  "collapseAllDms": false,
  "collapseReadDms": false,
  "customAccentColor": "CUSTOM",
  "customAnyAccentColor": "#da2573",
  "customColumnWidthValue": "480px",
  "customCss": ".like-count {\r\n    display: none;\r\n}\r\n\r\n.retweet-count {\r\n    display: none;\r\n}\r\n\r\n.reply-count {\r\n    display: none;\r\n}\r\n#emojiButton {\r\n    display: none !important;\r\n}\r\n\r\n.js-drawer .js-compose-text {\r\n    width: 100% !important;\r\n}\r\n.stream-item, .tweet-detail-reply .stream-item, .compose-header {\r\n    border-bottom: 0 !important;\r\n  }\r\n\r\n  .in-tweet-divider::before {\r\n    background: rgba(0, 0, 0, 0.13);\r\n  }\r\n",
  "customTranslationLanguage": "",
  "detectContentWarnings": false,
  "disableGifsInProfilePictures": false,
  "disableTweetButtonIfAltIsMissing": false,
  "disableTweetButtonIfAltIsMissingInDMs": false,
  "downloadFilenameFormat": "{{postedUser}}-{{year}}{{month}}{{day}}-{{hours}}{{minutes}}{{seconds}}-{{tweetId}}-{{fileName}}.{{fileExtension}}",
  "enableAutoThemeSwitch": true,
  "enableEmojiCompletion": true,
  "enableShareItem": true,
  "extractAndShowPronouns": false,
  "fullTimestampAfterDay": false,
  "hideColumnIcons": false,
  "hidePreviewButton": false,
  "installedVersion": "4.5.2",
  "logoVariation": "aromantic",
  "mutualBadgeVariation": "heart",
  "mutualBadges": true,
  "needsToShowFollowPrompt": false,
  "needsToShowUpdateBanner": false,
  "overrideTranslationLanguage": false,
  "pauseColumnScrollingOnHover": false,
  "removeRedirectionOnLinks": true,
  "replaceHeartsByStars": true,
  "saveTweetedHashtags": true,
  "scrollbarsMode": "hidden",
  "shouldShortenSharedText": true,
  "showAccountChoiceOnFavorite": false,
  "showAccountChoiceOnFollow": true,
  "showAvatarsOnTopOfColumns": true,
  "showCardsInSmallMediaColumns": true,
  "showCardsInsideColumns": true,
  "showClearAllButtonInSidebar": false,
  "showClearButtonInColumnsHeader": false,
  "showCollapseButtonInColumnsHeader": true,
  "showConversationControl": true,
  "showEmojiPicker": true,
  "showFollowPrompt": false,
  "showFollowersCount": true,
  "showGifPicker": true,
  "showLegacyReplies": false,
  "showLikeRTDogears": false,
  "showProfileLabels": false,
  "showRemoveButtonInColumnsHeader": false,
  "showTweetActionsOnHover": false,
  "smallComposerButtons": false,
  "theme": "default",
  "timestampFullFormat": "MM/dd/yy hh:mm a",
  "timestampShortFormat": "hh:mm",
  "timestampStyle": "custom",
  "translatorBadges": true,
  "tweetActions": {
    "addBlockAction": false,
    "addCopyMediaLinksAction": false,
    "addDownloadMediaLinksAction": true,
    "addMuteAction": false
  },
  "tweetActionsPosition": "left",
  "tweetMenuItems": {
    "addMuteHashtagsMenuItems": false,
    "addMuteSourceMenuItem": false,
    "addRedraftMenuItem": true
  },
  "updateTabTitleOnActivity": true,
  "useCustomColumnWidth": true,
  "useModernFullscreenImage": true,
  "useOriginalAspectRatioForSingleImages": false,
  "useOriginalAspectRatioForSingleImagesInQuotedTweets": true,
  "usernamesFormat": "both",
  "verifiedBadges": true
}