{
  "editor:insert-tag": [
    {
      "modifiers": [
        "Mod"
      ],
      "key": "T"
    }
  ],
  "audio-recorder:start": [
    {
      "modifiers": [
        "Alt",
        "Mod"
      ],
      "key": "G"
    }
  ],
  "audio-recorder:stop": [
    {
      "modifiers": [
        "Ctrl",
        "Mod"
      ],
      "key": "G"
    }
  ],
  "workspace:close-others": [
    {
      "modifiers": [
        "Alt",
        "Mod"
      ],
      "key": "W"
    }
  ],
  "workspace:copy-url": [
    {
      "modifiers": [
        "Alt",
        "Shift"
      ],
      "key": "C"
    }
  ],
  "app:delete-file": [
    {
      "modifiers": [
        "Alt"
      ],
      "key": "Delete"
    }
  ],
  "editor:delete-paragraph": [],
  "obsidian-dictionary-plugin:dictionary-open-view": [
    {
      "modifiers": [
        "Mod"
      ],
      "key": "D"
    }
  ],
  "file-explorer:reveal-active-file": [
    {
      "modifiers": [
        "Mod",
        "Shift"
      ],
      "key": "E"
    }
  ],
  "file-explorer:open": [
    {
      "modifiers": [
        "Mod"
      ],
      "key": "E"
    }
  ],
  "graph:open": [],
  "editor:attach-file": [
    {
      "modifiers": [
        "Mod"
      ],
      "key": "O"
    }
  ],
  "obsidian-minimal-settings:toggle-minimal-switch": [
    {
      "modifiers": [
        "Mod",
        "Shift"
      ],
      "key": "L"
    }
  ],
  "editor:move-caret-down": [
    {
      "modifiers": [
        "Alt"
      ],
      "key": "ArrowDown"
    }
  ],
  "editor:move-caret-left": [
    {
      "modifiers": [
        "Alt"
      ],
      "key": "ArrowLeft"
    }
  ],
  "editor:move-caret-right": [
    {
      "modifiers": [
        "Alt"
      ],
      "key": "ArrowRight"
    }
  ],
  "editor:move-caret-up": [
    {
      "modifiers": [
        "Alt"
      ],
      "key": "ArrowUp"
    }
  ],
  "app:go-back": [],
  "app:open-help": [],
  "open-with-default-app:open": [
    {
      "modifiers": [
        "Mod",
        "Shift"
      ],
      "key": "U"
    }
  ],
  "editor:open-link-in-new-leaf": [],
  "switcher:open": [],
  "editor:redo": [
    {
      "modifiers": [
        "Mod",
        "Shift"
      ],
      "key": "Y"
    }
  ],
  "templater-obsidian:create-new-note-from-template": [
    {
      "modifiers": [
        "Alt"
      ],
      "key": "N"
    }
  ],
  "insert-current-date": [],
  "insert-current-time": [
    {
      "modifiers": [
        "Ctrl",
        "Shift"
      ],
      "key": "T"
    }
  ],
  "editor:toggle-blockquote": [
    {
      "modifiers": [
        "Alt"
      ],
      "key": "Q"
    }
  ],
  "editor:toggle-bullet-list": [
    {
      "modifiers": [
        "Mod"
      ],
      "key": "L"
    }
  ],
  "editor:toggle-fold": [
    {
      "modifiers": [
        "Mod"
      ],
      "key": "Home"
    }
  ],
  "editor:set-heading": [
    {
      "modifiers": [
        "Mod"
      ],
      "key": "2"
    }
  ],
  "editor:toggle-highlight": [
    {
      "modifiers": [
        "Mod",
        "Shift"
      ],
      "key": "H"
    }
  ],
  "app:toggle-left-sidebar": [
    {
      "modifiers": [
        "Alt",
        "Ctrl"
      ],
      "key": "ArrowLeft"
    }
  ],
  "app:toggle-right-sidebar": [
    {
      "modifiers": [
        "Alt",
        "Ctrl"
      ],
      "key": "ArrowRight"
    }
  ],
  "editor:toggle-strikethrough": [
    {
      "modifiers": [
        "Alt",
        "Mod"
      ],
      "key": "S"
    }
  ],
  "editor:undo": [
    {
      "modifiers": [
        "Mod",
        "Shift"
      ],
      "key": "Z"
    }
  ],
  "editor:unfold-all": [
    {
      "modifiers": [
        "Alt",
        "Ctrl",
        "Mod"
      ],
      "key": "ArrowDown"
    }
  ],
  "editor:fold-all": [
    {
      "modifiers": [
        "Alt",
        "Ctrl",
        "Mod"
      ],
      "key": "ArrowUp"
    }
  ],
  "command-palette:open": [
    {
      "modifiers": [
        "Mod"
      ],
      "key": "\\"
    }
  ],
  "markdown:toggle-preview": [
    {
      "modifiers": [
        "Mod"
      ],
      "key": "P"
    }
  ]
}