{
  "editor:insert-tag": [
    {
      "modifiers": [
        "Mod"
      ],
      "key": "T"
    }
  ],
  "workspace:close-others": [
    {
      "modifiers": [
        "Alt",
        "Mod"
      ],
      "key": "W"
    }
  ],
  "command-palette:open": [
    {
      "modifiers": [
        "Mod"
      ],
      "key": "\\"
    }
  ],
  "file-explorer:new-file-in-new-pane": [
    {
      "modifiers": [
        "Alt",
        "Shift"
      ],
      "key": "N"
    }
  ],
  "cycle-through-panes:cycle-through-panes": [
    {
      "modifiers": [
        "Mod"
      ],
      "key": "Tab"
    }
  ],
  "cycle-through-panes:cycle-through-panes-reverse": [
    {
      "modifiers": [
        "Mod",
        "Shift"
      ],
      "key": "Tab"
    }
  ],
  "editor:delete-paragraph": [],
  "obsidian-dictionary-plugin:dictionary-open-view": [
    {
      "modifiers": [
        "Alt",
        "Shift"
      ],
      "key": "D"
    }
  ],
  "file-explorer:open": [
    {
      "modifiers": [
        "Mod"
      ],
      "key": "E"
    }
  ],
  "editor:fold-all": [
    {
      "modifiers": [
        "Mod",
        "Shift"
      ],
      "key": "PageUp"
    }
  ],
  "hotkey-helper:open-plugins": [
    {
      "modifiers": [
        "Alt",
        "Mod"
      ],
      "key": ","
    }
  ],
  "editor:attach-file": [
    {
      "modifiers": [
        "Alt",
        "Mod"
      ],
      "key": "K"
    }
  ],
  "open-with-default-app:open": [
    {
      "modifiers": [
        "Mod"
      ],
      "key": "U"
    }
  ],
  "outline:open": [
    {
      "modifiers": [
        "Alt"
      ],
      "key": "O"
    }
  ],
  "editor:redo": [
    {
      "modifiers": [
        "Mod",
        "Shift"
      ],
      "key": "Z"
    }
  ],
  "app:reload": [],
  "editor:toggle-blockquote": [
    {
      "modifiers": [
        "Alt"
      ],
      "key": "Q"
    }
  ],
  "editor:toggle-bullet-list": [
    {
      "modifiers": [
        "Mod"
      ],
      "key": "L"
    }
  ],
  "editor:toggle-code": [],
  "editor:toggle-comments": [],
  "markdown:toggle-preview": [
    {
      "modifiers": [
        "Mod"
      ],
      "key": "P"
    }
  ],
  "editor:set-heading": [
    {
      "modifiers": [
        "Mod"
      ],
      "key": "1"
    }
  ],
  "editor:toggle-highlight": [
    {
      "modifiers": [
        "Mod",
        "Shift"
      ],
      "key": "H"
    }
  ],
  "app:toggle-left-sidebar": [
    {
      "modifiers": [
        "Alt",
        "Mod"
      ],
      "key": "ArrowLeft"
    }
  ],
  "app:toggle-right-sidebar": [
    {
      "modifiers": [
        "Alt",
        "Mod"
      ],
      "key": "ArrowRight"
    }
  ],
  "editor:undo": [
    {
      "modifiers": [
        "Alt",
        "Mod"
      ],
      "key": "Z"
    }
  ],
  "editor:unfold-all": [
    {
      "modifiers": [
        "Mod",
        "Shift"
      ],
      "key": "ArrowDown"
    }
  ],
  "workspace:copy-url": [
    {
      "modifiers": [
        "Alt"
      ],
      "key": "C"
    }
  ],
  "editor:focus": [
    {
      "modifiers": [
        "Alt"
      ],
      "key": "E"
    }
  ],
  "editor:focus-top": [
    {
      "modifiers": [
        "Alt"
      ],
      "key": "PageUp"
    }
  ],
  "editor:focus-bottom": [
    {
      "modifiers": [
        "Alt"
      ],
      "key": "PageDown"
    }
  ],
  "editor:focus-left": [
    {
      "modifiers": [
        "Alt"
      ],
      "key": "Home"
    }
  ],
  "editor:focus-right": [
    {
      "modifiers": [
        "Alt"
      ],
      "key": "End"
    }
  ],
  "app:delete-file": [
    {
      "modifiers": [
        "Mod"
      ],
      "key": "Delete"
    }
  ],
  "obsidian-dictionary-plugin:dictionary-open-language-switcher": [
    {
      "modifiers": [
        "Alt",
        "Shift"
      ],
      "key": "L"
    }
  ],
  "obsidian-enhancing-mindmap:Toggle to markdown or mindmap": [
    {
      "modifiers": [
        "Ctrl",
        "Shift"
      ],
      "key": "Enter"
    }
  ],
  "templater-obsidian:insert-templater": [],
  "editor:insert-embed": [
    {
      "modifiers": [
        "Alt"
      ],
      "key": "K"
    }
  ],
  "workspace:copy-path": [],
  "workspace:export-pdf": [
    {
      "modifiers": [
        "Mod",
        "Shift"
      ],
      "key": "E"
    }
  ],
  "file-recovery:open": [
    {
      "modifiers": [
        "Alt",
        "Shift"
      ],
      "key": "P"
    }
  ],
  "app:go-back": [
    {
      "modifiers": [
        "Alt"
      ],
      "key": "ArrowLeft"
    }
  ],
  "app:go-forward": [
    {
      "modifiers": [
        "Alt"
      ],
      "key": "ArrowRight"
    }
  ],
  "outline:open-for-current": [
    {
      "modifiers": [
        "Mod",
        "Shift"
      ],
      "key": "O"
    }
  ],
  "obsidian-outliner:move-list-item-down": [],
  "insert-current-date": [],
  "insert-current-time": [
    {
      "modifiers": [
        "Alt"
      ],
      "key": "T"
    }
  ],
  "editor:toggle-strikethrough": [
    {
      "modifiers": [
        "Alt",
        "Shift"
      ],
      "key": "S"
    }
  ],
  "obsidian-minimal-settings:toggle-minimal-switch": [
    {
      "modifiers": [
        "Mod",
        "Shift"
      ],
      "key": "L"
    }
  ],
  "app:open-help": [],
  "obsidian-outliner:move-list-item-up": [],
  "file-explorer:move-file": [
    {
      "modifiers": [
        "Mod"
      ],
      "key": "M"
    }
  ],
  "hotkeysplus-obsidian:better-toggle-todo": []
}