Chapter #,Chapter Title
001,Done Deal
002,Tales From Tha 4
003,Duck Sick
004,Choppin’ Game Wit Toe
005,Still A G At 27
006,Down South Hustlers
007,Ballin’ In Da Mall
008,Let’s Call Up On Drank
009,Makin’ Cash Forever
010,Southside Still Holdin’
011,Headed To The Classic
012,June 27
013,Leanin On A Switch
014,Sippin’ Codeine
015,The Next Episode
016,Late Night Fuckin’ Yo Bitch
017,Show Up And Pour Up
018,Killuminati
019,‘N 2 Deep
020,Crumbs To Bricks
021,The World Is Mine
022,P’s And Q’s
023,Dancing Candy
024,9 Months Later
025,Unpredictable
026,Blowin’ Big Behind Tint
027,Plots And Schemes
028,Worldwide Southside
029,Saturday Nite Live
030,G Love
031,2000 Tears
032,G-Code
033,G’d Up Shit
034,It’s A Dirty World
035,Charge It To The Game
036,Who Next With Plex
037,10201
038,Headed 2 Da League
039,One Life To Live
040,Yellowstone vs. The Nation
041,Ghetto Fabulous
042,Popped Up Smoked Up
043,Independence Day
044,Eyes On The Prize
045,100% Business
046,Syrup and Soda
047,Pussy Weed And Alcohol
048,Gallon 1
049,Codeine Fiend
050,Money Over Bitches
051,9 Fo Shit
052,Only Rollin’ Red
053,Y 2 Grey
054,No Haters Allowed
055,Back On The Streets
056,Blue Ova Grey
057,Wineberry Over Gold
058,You Don’t Work You Don’t Eat
059,Southside Most Wanted
060,All Day In The Trey
061,Niggas Can’t See Me
062,Dead End Hustler For Life
063,Mourn U Till I Join You
064,Locked N Da Game
065,Road To Riches
066,Layed Back Rollin
067,Back In Tha Deck
068,Tre World
069,Southside Riders
070,Endonesia
071,The Final Chapter
072,Off The Head
073,Don’t Make Dollars Don’t Make Sense
074,Mash For My Dream
075,Ridin’ High
076,Black Hearted
077,Only The Real
078,Nobody Does It Better
079,Ain’t Nuthin’ Better
080,Hold Ya Head
081,Screwed Up Texas
082,98 Live
083,Ball 2 U Fall
084,Str8 Puttin’ It Down
085,Riches Over Bitches
086,Gees Nite Out
087,Shinnin’ Like The Sun
088,Blasphemy
089,Outlaws
090,4th Of July
091,Take It How You Wanna
092,Back N Yo Ear
093,Da Reunion
094,Still Hoopin’
095,Sittin’ On Top Of The World
096,Can’t Hold Ya Hand
097,Players Choppin Game
098,Four Corners Of The World
099,Shot Callin’
100,Platinum Shit
101,Graduation 99
102,3 Years Later
103,Popped Up Sittin Low
104,Sittin’ Sideways
105,Everyday Allday
106,On A Pint
107,It’s All Good
108,3 ‘N Da Mornin’
109,Einstein
110,Feel My Pain
111,Shit Don’t Stop
112,Jammin’ Screw
113,Barre
114,Bow Down
115,Down And Out
116,Straight From The Heart
117,Return Of The Red
118,Laftex
119,No Drank
120,10 Deep
121,Another Day Another Dollar
122,Facin’ Time
123,Snitches
124,Hurricane Duck
125,Ooh Wee Man
126,If The Price Is Right
127,Southside Holdin’
128,It’s Gonna Get Better
129,In Yo Face
130,Back 2 The Lab
131,Syrup Sippers
132,Can’t Fade It
133,Money By The Ton
134,Hard Times
135,Steady Dippin’
136,Da Funk Is On Your Mind
137,Blue 22
138,Are U Still Down
139,2 Liters
140,Symptoms Of A Thug
141,Another Platinum Hit
142,All Work No Play
143,Million Dollar Boys
144,Heavy ‘N Tha Game
145,S.U.C. For Life
146,Only Time Will Tell
147,Niggas & Flys
148,Do You Feel Me
149,Beatin Up Da Block
150,Mind On My Money
151,Mo Money
152,Pullin’ On Yo Curve
153,Drankin’ On A Gallon
154,Pop Trunk
155,No Love
156,100 Minutes Of Realness
157,Goin’ Fed
158,Squarin’ It Off
159,Out The Shop
160,Hail Mary
161,Same Ol’ G
162,Unlady Like
163,Mashing ‘N Millenium Mode
164,Southside Connection
165,Street Fame
166,Telephone Love
167,A Million Dollars Later
168,No Time For Bullshit
169,Still Standing
170,Wreckshop
171,Freestyle Kings
172,Straight Wreckin’
173,99 Live
174,D.E.A. Bootcamp
175,Players Ball
176,Robin St. 4 Life
177,In God We Trust
178,In The Zone
179,Mind Over Matter
180,3 ‘N Da Morning Pt. II
181,Grey In The Deck
182,Ridin’ Dirty
183,In The Do
184,Going Hard
185,Staying Down
186,Thug Life
187,Dead End Representative
188,Pay Like U Way
189,Another Day Another Dub
190,3-4 Action
191,Southsiders
192,High Till I Die
193,Something 4 Dat Trunk
194,Thangs Done Changed
195,Fear No Man
196,Sugar Hill
197,Elmtree Crawfish
198,Uncut Funk
199,Street Dreams
200,Ain’t No Sleepin’
201,Players Nite Out
202,Still In Da Game
203,Almost On Dem Streets
204,The Meadows
205,Slippin’ Red
206,Haters Stay Away
207,Goin’ All Out
208,Austin 2 Houston Pt. II
209,Deep Down South
210,Bangin’ Down The Strip
211,Off Parole
212,Still Hustlin’
213,Made Niggaz
214,Old School
215,South Side Players
216,Flippin’ On A Sunny Day
217,Sittin’ On Chrome
218,Way 2 Real
219,Leanin In The Leans
220,Player Memories
221,2 Pints Deep
222,My Block
223,Trey Day
224,97 Live
225,Back Up In You
226,Million Dollar Hands
227,We Don’t Bar It
228,Back On The Grind
229,Thugs Night Out
230,Paying Dues
231,Love 4 The Hood
232,Tryin 2 Survive
233,Finally Made It
234,Still A G At 23
235,Flippin 2 Da Classic Pt. II
236,Screw & Blunt
237,Dope Dealin & Cap Peelin
238,On The Real
239,3-D
240,That Classic
241,Hurtin These Boys
242,Puttin It Down
243,Commin Up Quick
244,It Don’t Stop
245,Waitin On Slant
246,Willow Glen
247,Sudden Death
248,380 D On That Ass
249,12/16/1972
250,Da Return
251,Stressed Out
252,Separatin Da Real From Da Fake
253,Stayin Sucka Free
254,Fresh Out The County
255,Elimination
256,Screw & Doug
257,All About Pat
258,Fuck The World
259,Somethin’ 4 U Haters
260,Bar It 4 What
261,R.I.P. Tee Lee
262,Clay & Screw
263,Nard & Screw
264,Screw Dub
265,Shay & Screw
266,Till Death Do Us PART
267,4 Young Gees
268,Dave & Screw
269,Lil Rob Personal
270,D Pac & Screw
271,Screw & Terrance
272,Screw Dub ’96
273,So Much Pain
274,Still Thuggin Pt. II
275,Screw Dub ’95
276,Herschelwood
277,Shootin Slugs
278,Lil Chuck & Screw
279,Just Another Tight Screw
280,5:00 AM
281,Stackin Paper
282,Sprinkle Me ’97
283,Screw Dub ’98
284,So Many Ways
285,Yellowstone Texas ’95
286,Out On Bond ’95
287,Floss Mode ’96
288,Fuck You Haters
289,In Yo Ear
290,Tolu
291,One Year Later
292,Cloverland
293,Screw & Piccolo
294,Jut & Screw
295,Screw Dub
296,’96 Live
297,Stick 1 & Screw
298,Together Forever
299,Screw Dub 94 – 3rd Ward/Herschelwood
300,Hell Raiser/Screw Dub